{
  "dataset_info": {
    "total_samples": 18,
    "attempted_samples": 20,
    "tile_size": 256,
    "output_dir": "data/samples",
    "generation_mode": "feature_based",
    "generation_stats": {
      "total_generated": 18,
      "total_valid": 18,
      "validation_failures": 0,
      "feature_usage": {
        "sand_dunes": 3,
        "rocky_outcrops": 3,
        "cave_systems": 5,
        "underground": 5,
        "rolling_hills": 2,
        "gentle_slopes": 2,
        "deep_valleys": 5,
        "river_valleys": 5,
        "erosion": 8,
        "water_features": 7,
        "warping": 6,
        "detail_noise": 1,
        "mountain_peaks": 1,
        "steep_peaks": 1,
        "ridges": 1,
        "smoothing": 2
      },
      "terrain_types": {
        "plains": 5,
        "hills": 7,
        "valleys": 5,
        "mountains": 1
      },
      "generation_times": [
        2.6231396198272705,
        1.5101730823516846,
        1.5814807415008545,
        1.528778314590454,
        1.5149319171905518,
        1.1114106178283691,
        1.3613817691802979,
        1.250561237335205,
        1.1825032234191895,
        1.2849700450897217,
        1.6115679740905762,
        2.0652406215667725,
        1.1821203231811523,
        1.147756576538086,
        1.2454912662506104,
        1.5812087059020996,
        4.71485447883606,
        1.2378079891204834
      ],
      "validation_scores": [
        1.0,
        1.0,
        1.0,
        1.0,
        1.0,
        1.0,
        1.0,
        1.0,
        1.0,
        1.0,
        1.0,
        1.0,
        1.0,
        1.0,
        1.0,
        1.0,
        1.0,
        1.0
      ],
      "avg_generation_time": 1.6519654724333022,
      "avg_validation_score": 1.0,
      "success_rate": 1.0,
      "most_common_features": [
        [
          "erosion",
          8
        ],
        [
          "water_features",
          7
        ],
        [
          "warping",
          6
        ],
        [
          "cave_systems",
          5
        ],
        [
          "underground",
          5
        ],
        [
          "deep_valleys",
          5
        ],
        [
          "river_valleys",
          5
        ],
        [
          "sand_dunes",
          3
        ],
        [
          "rocky_outcrops",
          3
        ],
        [
          "rolling_hills",
          2
        ]
      ],
      "terrain_type_distribution": {
        "plains": 5,
        "hills": 7,
        "valleys": 5,
        "mountains": 1
      }
    }
  },
  "dataset_file": "dataset_all.jsonl",
  "quality_metrics": {
    "generation_metrics": {
      "total_samples_attempted": 18,
      "total_samples_valid": 18,
      "validation_failures": 0,
      "success_rate": 1.0,
      "failure_rate": 0.0,
      "quality_gate_pass_rate": 1.0
    },
    "diversity_metrics": {
      "unique_features_count": 16,
      "feature_entropy": 3.708,
      "feature_distribution": {
        "sand_dunes": 0.05263157894736842,
        "rocky_outcrops": 0.05263157894736842,
        "cave_systems": 0.08771929824561403,
        "underground": 0.08771929824561403,
        "rolling_hills": 0.03508771929824561,
        "gentle_slopes": 0.03508771929824561,
        "deep_valleys": 0.08771929824561403,
        "river_valleys": 0.08771929824561403,
        "erosion": 0.14035087719298245,
        "water_features": 0.12280701754385964,
        "warping": 0.10526315789473684,
        "detail_noise": 0.017543859649122806,
        "mountain_peaks": 0.017543859649122806,
        "steep_peaks": 0.017543859649122806,
        "ridges": 0.017543859649122806,
        "smoothing": 0.03508771929824561
      },
      "most_common_features": [
        [
          "erosion",
          8
        ],
        [
          "water_features",
          7
        ],
        [
          "warping",
          6
        ],
        [
          "cave_systems",
          5
        ],
        [
          "underground",
          5
        ]
      ],
      "terrain_types_count": 4,
      "terrain_entropy": 1.788,
      "terrain_distribution": {
        "plains": 0.2777777777777778,
        "hills": 0.3888888888888889,
        "valleys": 0.2777777777777778,
        "mountains": 0.05555555555555555
      },
      "terrain_balance_score": 0.741
    },
    "quality_metrics": {
      "average_validation_score": 1.0,
      "validation_score_std": 0.0,
      "validation_score_min": 1.0,
      "validation_score_max": 1.0,
      "high_quality_samples": 18,
      "medium_quality_samples": 0,
      "low_quality_samples": 0,
      "quality_percentiles": {
        "p10": 1.0,
        "p25": 1.0,
        "p50": 1.0,
        "p75": 1.0,
        "p90": 1.0
      }
    },
    "performance_metrics": {
      "average_generation_time": 1.652,
      "generation_time_std": 0.825,
      "min_generation_time": 1.111,
      "max_generation_time": 4.715,
      "samples_per_second": 0.61,
      "estimated_time_per_1k_samples": 27.5
    }
  }
}