{
  "total_generated": 10,
  "total_valid": 10,
  "validation_failures": 0,
  "feature_usage": {
    "sand_dunes": 2,
    "rocky_outcrops": 2,
    "cave_systems": 2,
    "underground": 2,
    "rolling_hills": 2,
    "gentle_slopes": 2,
    "deep_valleys": 3,
    "river_valleys": 3,
    "erosion": 4,
    "water_features": 4,
    "warping": 3
  },
  "terrain_types": {
    "plains": 3,
    "hills": 4,
    "valleys": 3
  },
  "generation_times": [
    4.5193445682525635,
    0.9889943599700928,
    1.1219420433044434,
    1.2215526103973389,
    1.2848279476165771,
    1.1202828884124756,
    1.107043981552124,
    1.0794274806976318,
    0.9549977779388428,
    1.1267590522766113
  ],
  "validation_scores": [
    1.0,
    1.0,
    1.0,
    1.0,
    1.0,
    1.0,
    1.0,
    1.0,
    1.0,
    1.0
  ]
}