{
  "total_generated": 10,
  "total_valid": 10,
  "validation_failures": 0,
  "feature_usage": {
    "sand_dunes": 2,
    "rocky_outcrops": 2,
    "cave_systems": 2,
    "underground": 2,
    "rolling_hills": 2,
    "gentle_slopes": 2,
    "deep_valleys": 3,
    "river_valleys": 3,
    "erosion": 4,
    "water_features": 4,
    "warping": 3
  },
  "terrain_types": {
    "plains": 3,
    "hills": 4,
    "valleys": 3
  },
  "generation_times": [
    1.4336128234863281,
    1.1107497215270996,
    0.9521565437316895,
    0.9162468910217285,
    1.0146441459655762,
    1.0561532974243164,
    0.9946479797363281,
    1.0979559421539307,
    1.0255117416381836,
    0.9293766021728516
  ],
  "validation_scores": [
    1.0,
    1.0,
    1.0,
    1.0,
    1.0,
    1.0,
    1.0,
    1.0,
    1.0,
    1.0
  ]
}