{
  "total_generated": 18,
  "total_valid": 18,
  "validation_failures": 0,
  "feature_usage": {
    "sand_dunes": 3,
    "rocky_outcrops": 3,
    "cave_systems": 5,
    "underground": 5,
    "rolling_hills": 2,
    "gentle_slopes": 2,
    "deep_valleys": 5,
    "river_valleys": 5,
    "erosion": 8,
    "water_features": 7,
    "warping": 6,
    "detail_noise": 1,
    "mountain_peaks": 1,
    "steep_peaks": 1,
    "ridges": 1,
    "smoothing": 2
  },
  "terrain_types": {
    "plains": 5,
    "hills": 7,
    "valleys": 5,
    "mountains": 1
  },
  "generation_times": [
    2.6231396198272705,
    1.5101730823516846,
    1.5814807415008545,
    1.528778314590454,
    1.5149319171905518,
    1.1114106178283691,
    1.3613817691802979,
    1.250561237335205,
    1.1825032234191895,
    1.2849700450897217,
    1.6115679740905762,
    2.0652406215667725,
    1.1821203231811523,
    1.147756576538086,
    1.2454912662506104,
    1.5812087059020996,
    4.71485447883606,
    1.2378079891204834
  ],
  "validation_scores": [
    1.0,
    1.0,
    1.0,
    1.0,
    1.0,
    1.0,
    1.0,
    1.0,
    1.0,
    1.0,
    1.0,
    1.0,
    1.0,
    1.0,
    1.0,
    1.0,
    1.0,
    1.0
  ]
}