{
  "dataset_info": {
    "total_samples": 2000,
    "tile_size": 256,
    "output_dir": "data/samples1",
    "generation_stats": {
      "total_generated": 2000,
      "module_usage": {
        "perlin_noise": 1422,
        "domain_warp": 893,
        "hydraulic_erosion": 845,
        "ridged_multi": 1416
      },
      "parameter_ranges": {
        "frequency": {
          "min": 0.0010011632719698373,
          "max": 0.09991030580675263,
          "sum": 41.885088932074126,
          "count": 2000
        },
        "octaves": {
          "min": 1,
          "max": 8,
          "sum": 9074,
          "count": 2000
        },
        "persistence": {
          "min": 0.10002457507630594,
          "max": 0.8997741386289045,
          "sum": 993.5571609610474,
          "count": 2000
        },
        "lacunarity": {
          "min": 1.5000174521330492,
          "max": 2.9998071574112006,
          "sum": 4505.292621401054,
          "count": 2000
        },
        "ridge_sharpness": {
          "min": 0.10029971469830778,
          "max": 1.998975294013379,
          "sum": 2106.7867148895116,
          "count": 2000
        },
        "warp_amplitude": {
          "min": 10.065999572197807,
          "max": 499.71272562762664,
          "sum": 511750.97711143526,
          "count": 2000
        },
        "warp_frequency": {
          "min": 0.0010005229114874645,
          "max": 0.009987552315348664,
          "sum": 7.982333567138925,
          "count": 2000
        },
        "warp_octaves": {
          "min": 1,
          "max": 4,
          "sum": 4986,
          "count": 2000
        },
        "iterations": {
          "min": 10,
          "max": 998,
          "sum": 1010572,
          "count": 2000
        },
        "rain_amount": {
          "min": 0.10077954993443226,
          "max": 1.9960059202330123,
          "sum": 2068.7684427209847,
          "count": 2000
        },
        "evaporation": {
          "min": 0.010004754423906713,
          "max": 0.0999554670737665,
          "sum": 110.22030182109495,
          "count": 2000
        },
        "capacity": {
          "min": 0.10076832769366295,
          "max": 0.9999323441498589,
          "sum": 1111.7497694732779,
          "count": 2000
        },
        "height_scale": {
          "min": 501.5290878889676,
          "max": 2999.1830131052307,
          "sum": 3457216.8743141466,
          "count": 2000
        }
      }
    }
  },
  "dataset_file": "dataset_all.jsonl"
}